Table,Column,Issue Type,Issue,Recommendation
Order_Items,price,Data type - Precision error,The column 'price' in table 'Order_Items' is storing monetary values but is not of type DECIMAL or NUMERIC.,Consider changing the data type of 'Order_Items(price)' to DECIMAL or NUMERIC for better precision in monetary calculations.
Order_Items,price,Data Integrity - not allowed NULL values,"The column 'price' in table 'Order_Items' allows NULL values, but it should not.",Alter the column 'Order_Items(price)' to NOT NULL to maintain data integrity.
Orders,order_date,Data Integrity - not allowed NULL values,"The column 'order_date' in table 'Orders' allows NULL values, but it should not.",Alter the column 'Orders(order_date)' to NOT NULL to maintain data integrity.
Orders,total_amount,Data Integrity - not allowed NULL values,"The column 'total_amount' in table 'Orders' allows NULL values, but it should not.",Alter the column 'Orders(total_amount)' to NOT NULL to maintain data integrity.
Users,username,Query performance - missing index,The column 'username' in table 'Users' is a large VARCHAR/TEXT but is not indexed.,Consider adding an index on 'Users(username)' to improve query performance.
Users,username,Data Integrity - not allowed NULL values,"The column 'username' in table 'Users' allows NULL values, but it should not.",Alter the column 'Users(username)' to NOT NULL to maintain data integrity.
Users,email,Data Integrity - not allowed NULL values,"The column 'email' in table 'Users' allows NULL values, but it should not.",Alter the column 'Users(email)' to NOT NULL to maintain data integrity.
Products,product_name,Query performance - missing index,The column 'product_name' in table 'Products' is a large VARCHAR/TEXT but is not indexed.,Consider adding an index on 'Products(product_name)' to improve query performance.
Products,price,Data type - Precision error,The column 'price' in table 'Products' is storing monetary values but is not of type DECIMAL or NUMERIC.,Consider changing the data type of 'Products(price)' to DECIMAL or NUMERIC for better precision in monetary calculations.
Products,created_at,Data type mismatch,"The column 'created_at' in table 'Products' is of type 'DATE', but it should be of type 'DATETIME'.",Change the data type of 'Products(created_at)' to 'DATETIME' to match the expected type.
Products,product_name,Data Integrity - not allowed NULL values,"The column 'product_name' in table 'Products' allows NULL values, but it should not.",Alter the column 'Products(product_name)' to NOT NULL to maintain data integrity.
Products,price,Data Integrity - not allowed NULL values,"The column 'price' in table 'Products' allows NULL values, but it should not.",Alter the column 'Products(price)' to NOT NULL to maintain data integrity.
Reviews,rating,Data type mismatch,"The column 'rating' in table 'Reviews' is of type 'TINYINT', but it should be of type 'FLOAT'.",Change the data type of 'Reviews(rating)' to 'FLOAT' to match the expected type.
Reviews,rating,Data Integrity - not allowed NULL values,"The column 'rating' in table 'Reviews' allows NULL values, but it should not.",Alter the column 'Reviews(rating)' to NOT NULL to maintain data integrity.
orders_teste,user_id,Normalization - Data integrity,The column 'user_id' in table 'orders_teste' might be a foreign key but is not defined as one.,Define a foreign key constraint on 'orders_teste(user_id)' referencing the appropriate table and add the correct kind of index.
orders_teste,order_date,Data Integrity - not allowed NULL values,"The column 'order_date' in table 'orders_teste' allows NULL values, but it should not.",Alter the column 'orders_teste(order_date)' to NOT NULL to maintain data integrity.
orders_teste,total_amount,Data Integrity - not allowed NULL values,"The column 'total_amount' in table 'orders_teste' allows NULL values, but it should not.",Alter the column 'orders_teste(total_amount)' to NOT NULL to maintain data integrity.
users_teste,username,Query performance - missing index,The column 'username' in table 'users_teste' is a large VARCHAR/TEXT but is not indexed.,Consider adding an index on 'users_teste(username)' to improve query performance.
users_teste,email,Query performance - missing index,The column 'email' in table 'users_teste' is a large VARCHAR/TEXT but is not indexed.,Consider adding an index on 'users_teste(email)' to improve query performance.
users_teste,username,Data Integrity - not allowed NULL values,"The column 'username' in table 'users_teste' allows NULL values, but it should not.",Alter the column 'users_teste(username)' to NOT NULL to maintain data integrity.
users_teste,email,Data Integrity - not allowed NULL values,"The column 'email' in table 'users_teste' allows NULL values, but it should not.",Alter the column 'users_teste(email)' to NOT NULL to maintain data integrity.
